dealer_id,company_name,company_phone,contact_first,contact_last,contact_phone,contact_email,notes,street_name,city,province,postal_code,address
1,Thoughtbeat,203-855-6077,Rhianna,Haizelden,723-711-8183,rhaizelden0@bbb.org,"Nunc rhoncus dui vel sem. Sed sagittis. Nam congue, risus semper porta volutpat, quam pede lobortis ligula, sit amet eleifend pede libero quis orci. Nullam molestie nibh in lectus.",Saint Paul,Lipovljani,,44322,03183 Union Street
2,Bubblebox,268-789-7519,Adore,Borsi,954-207-3992,aborsi1@dot.gov,"Integer non velit. Donec diam neque, vestibulum eget, vulputate ut, ultrices vel, augue.",American,Wutun,,,1358 Dwight Hill
3,Flashdog,587-124-4375,Stuart,Bille,441-592-4285,sbille2@hubpages.com,Ut tellus.,Briar Crest,Haduohe,,,19749 Moulton Point
4,Yodo,875-409-8972,Dredi,Loud,444-551-1234,dloud3@angelfire.com,"Vivamus vestibulum sagittis sapien. Cum sociis natoque penatibus et magnis dis parturient montes, nascetur ridiculus mus. Etiam vel augue. Vestibulum rutrum rutrum neque.",Kropf,Floda,Västra Götaland,448 92,881 International Park
5,Linkbuzz,241-829-0602,Lief,Ziebart,377-228-1344,lziebart4@scientificamerican.com,"Pellentesque viverra pede ac diam. Cras pellentesque volutpat dui. Maecenas tristique, est et tempus semper, est quam pharetra magna, ac consequat metus sapien ut nunc.",Ryan,Anping,,,3200 Mifflin Road
6,Gigazoom,692-809-1630,Earvin,Kynson,855-785-0888,ekynson5@seesaa.net,"Maecenas rhoncus aliquam lacus. Morbi quis tortor id nulla ultrices aliquet. Maecenas leo odio, condimentum id, luctus nec, molestie sed, justo.",Oxford,Plavsk,,301477,3 Schlimgen Circle
7,Zoomzone,241-289-5391,Abigael,Davidou,456-377-0428,adavidou6@dropbox.com,Etiam vel augue. Vestibulum rutrum rutrum neque. Aenean auctor gravida sem. Praesent id massa id nisl venenatis lacinia.,Crescent Oaks,Turpay,,,0 Bayside Junction
8,Yacero,907-591-1908,Kalie,Schlagman,246-599-4208,kschlagman7@jalbum.net,Maecenas pulvinar lobortis est. Phasellus sit amet erat. Nulla tempus. Vivamus in felis eu sapien cursus vestibulum.,Bashford,Anchorage,Alaska,99522,98904 Cardinal Center
9,Quimba,254-392-5215,Mackenzie,MacIntosh,918-482-2673,mmacintosh8@plala.or.jp,Cras non velit nec nisi vulputate nonummy. Maecenas tincidunt lacus at velit.,6th,Sabang,,,7312 Graedel Lane
10,Tagpad,597-893-1909,Gilberta,Posvner,865-747-6023,gposvner9@reddit.com,Sed ante. Vivamus tortor.,Scott,Delingha,,,4374 Holy Cross Alley
11,Avavee,796-183-6792,Ann,Fyers,530-849-7168,afyersa@tmall.com,Pellentesque at nulla.,Chive,Omsk,,644000,0 Rigney Circle
12,Vinder,361-108-3168,Tildy,Flintoff,118-953-8855,tflintoffb@meetup.com,"Vestibulum ac est lacinia nisi venenatis tristique. Fusce congue, diam id ornare imperdiet, sapien urna pretium nisl, ut volutpat sapien arcu sed augue.",Trailsway,Wuluquele,,,984 Crownhardt Place
13,Riffpath,883-720-3081,Lacy,Caris,660-297-1974,lcarisc@about.me,In eleifend quam a odio. In hac habitasse platea dictumst.,Main,Malway,,6527,67 Mariners Cove Alley
14,Yamia,853-437-9589,Domini,Cotta,871-387-4347,dcottad@umn.edu,Vivamus tortor. Duis mattis egestas metus. Aenean fermentum.,Union,Cirahab,,,66 Lukken Pass
15,Voomm,197-609-5197,Irv,Ballinghall,543-176-2664,iballinghalle@nytimes.com,Ut tellus. Nulla ut erat id mauris vulputate elementum. Nullam varius. Nulla facilisi.,Red Cloud,Bornu Yassu,,,96 Bashford Plaza
16,Npath,320-803-8924,Sarette,Waterland,501-457-4483,swaterlandf@ebay.co.uk,"Curabitur gravida nisi at nibh. In hac habitasse platea dictumst. Aliquam augue quam, sollicitudin vitae, consectetuer eget, rutrum at, lorem.",Anhalt,Buenavista,,8601,1744 Mockingbird Drive
17,Kare,645-362-8144,Florri,Archbutt,961-966-2348,farchbuttg@edublogs.org,Curabitur gravida nisi at nibh. In hac habitasse platea dictumst.,Sage,El Real,,,33486 Fairfield Trail
18,Babbleopia,754-482-5587,Guntar,Wale,654-819-3722,gwaleh@arizona.edu,"Aenean sit amet justo. Morbi ut odio. Cras mi pede, malesuada in, imperdiet et, commodo vulputate, justo. In blandit ultrices enim.",8th,Phatthaya,,72160,627 Kedzie Crossing
19,Podcat,415-954-8172,Isaak,Zorro,988-435-7955,izorroi@nymag.com,Praesent blandit lacinia erat. Vestibulum sed magna at nunc commodo placerat. Praesent blandit.,Quincy,Lingquan,,,5630 Golf View Center
20,Topicshots,331-700-7226,Janek,Eddowis,192-395-7779,jeddowisj@alibaba.com,"Curabitur in libero ut massa volutpat convallis. Morbi odio odio, elementum eu, interdum eu, tincidunt in, leo. Maecenas pulvinar lobortis est.",Maywood,Torrevieja,Comunidad Valenciana,03184,369 Autumn Leaf Way
21,Zoombeat,360-242-8962,Sammie,Hillock,988-451-1986,shillockk@bluehost.com,In eleifend quam a odio. In hac habitasse platea dictumst.,Magdeline,Vancouver,Washington,98687,8828 Superior Drive
22,Realblab,338-884-3522,Isidora,Fawson,665-669-8428,ifawsonl@princeton.edu,"Curabitur at ipsum ac tellus semper interdum. Mauris ullamcorper purus sit amet nulla. Quisque arcu libero, rutrum ac, lobortis vel, dapibus at, diam. Nam tristique tortor eu pede.",Blackbird,Örnsköldsvik,Västernorrland,891 20,6 Tony Pass
23,Yodoo,278-477-0293,Sallyann,Garey,444-382-1606,sgareym@yale.edu,Fusce posuere felis sed lacus.,Goodland,Hedian,,,28 Spohn Parkway
24,Meevee,998-943-7535,Stefa,Hawick,297-806-5666,shawickn@usda.gov,Phasellus in felis.,Carioca,Paipu,,,62 6th Center
25,Feednation,860-748-5025,Grissel,Matherson,707-318-0386,gmathersono@guardian.co.uk,Curabitur convallis. Duis consequat dui nec nisi volutpat eleifend. Donec ut dolor. Morbi vel lectus in quam fringilla rhoncus.,Packers,Aleysk,,658138,41216 Portage Junction
26,Wordtune,571-296-6135,Sella,Kose,969-630-1644,skosep@google.pl,"Morbi odio odio, elementum eu, interdum eu, tincidunt in, leo. Maecenas pulvinar lobortis est. Phasellus sit amet erat. Nulla tempus.",Northport,Dzerzhinsk,,607614,6113 Forest Run Way
27,Jaxworks,294-654-4891,Bard,Salzen,993-213-1240,bsalzenq@shutterfly.com,"Praesent blandit. Nam nulla. Integer pede justo, lacinia eget, tincidunt eget, tempus vel, pede. Morbi porttitor lorem id ligula.",Kipling,Bayt ‘Awwā,,,51 Fairfield Crossing
28,Yodoo,775-441-6958,Yoshi,Dymidowicz,746-826-0027,ydymidowiczr@pbs.org,"Duis bibendum, felis sed interdum venenatis, turpis enim blandit mi, in porttitor pede justo eu massa. Donec dapibus. Duis at velit eu est congue elementum.",Iowa,Huochang,,,959 Corben Park
29,Zoombeat,815-454-1563,Natassia,Vogele,942-526-4238,nvogeles@google.ru,Donec posuere metus vitae ipsum. Aliquam non mauris.,Havey,Alta Gracia,,5186,5 Nevada Circle
30,Aibox,206-940-5741,Fifi,Aberdeen,274-725-1258,faberdeent@nifty.com,Nulla facilisi. Cras non velit nec nisi vulputate nonummy. Maecenas tincidunt lacus at velit. Vivamus vel nulla eget eros elementum pellentesque.,Carioca,Kunheda Woerzu Manzu,,,9684 Pennsylvania Point
31,Quamba,741-371-4566,Cecilla,Stellino,950-481-7181,cstellinou@istockphoto.com,Mauris sit amet eros. Suspendisse accumsan tortor quis turpis. Sed ante. Vivamus tortor.,Loomis,Mezhdurechensk,,652878,91087 Fordem Road
32,Zoombox,587-450-2498,Sydney,Bischoff,262-825-1675,sbischoffv@webeden.co.uk,"Donec odio justo, sollicitudin ut, suscipit a, feugiat et, eros. Vestibulum ac est lacinia nisi venenatis tristique. Fusce congue, diam id ornare imperdiet, sapien urna pretium nisl, ut volutpat sapien arcu sed augue. Aliquam erat volutpat.",Melody,Nürnberg,Bayern,90480,08018 Raven Circle
33,Edgeblab,798-171-8128,Delano,Shercliff,547-583-9107,dshercliffw@blogtalkradio.com,"Pellentesque viverra pede ac diam. Cras pellentesque volutpat dui. Maecenas tristique, est et tempus semper, est quam pharetra magna, ac consequat metus sapien ut nunc.",Talmadge,Lokolande,,,32 Acker Alley
34,Linkbridge,556-324-4506,Heda,Kopfer,499-588-6984,hkopferx@addtoany.com,Ut at dolor quis odio consequat varius. Integer ac leo. Pellentesque ultrices mattis odio. Donec vitae nisi.,Brown,Mandala,,,62 Dunning Pass
35,Camido,324-184-4074,Ronny,Vowells,158-973-6342,rvowellsy@ucla.edu,Nullam varius. Nulla facilisi. Cras non velit nec nisi vulputate nonummy. Maecenas tincidunt lacus at velit.,Springs,Kuzhu,,,7 Kedzie Pass
36,Edgeify,464-959-6955,Phylys,Lishmund,871-284-2758,plishmundz@google.com.au,In eleifend quam a odio. In hac habitasse platea dictumst. Maecenas ut massa quis augue luctus tincidunt.,Eagle Crest,Esposende,Braga,4740-010,53593 Elmside Street
37,Blogtags,551-581-9408,Janey,Ashenhurst,469-854-1238,jashenhurst10@wunderground.com,"Morbi ut odio. Cras mi pede, malesuada in, imperdiet et, commodo vulputate, justo. In blandit ultrices enim. Lorem ipsum dolor sit amet, consectetuer adipiscing elit.",Crescent Oaks,Saint-Nazaire,Pays de la Loire,44604 CEDEX,48 Mariners Cove Circle
38,Jaxnation,411-716-3192,Zedekiah,Pester,678-113-6735,zpester11@pagesperso-orange.fr,Donec dapibus.,Glacier Hill,Trâu Quỳ,,,770 Cody Plaza
39,Thoughtbridge,138-553-8216,Kattie,Face,565-283-1609,kface12@shutterfly.com,Vestibulum ac est lacinia nisi venenatis tristique.,Riverside,Bumbuna,,,7 Vernon Way
40,Latz,627-101-0950,Nadean,Brasier,773-768-0403,nbrasier13@deliciousdays.com,"Nam nulla. Integer pede justo, lacinia eget, tincidunt eget, tempus vel, pede. Morbi porttitor lorem id ligula.",Mesta,Angadanan,,3307,1 Acker Park
41,Lazzy,433-651-8199,Matelda,Liebrecht,676-924-3016,mliebrecht14@state.gov,"Integer non velit. Donec diam neque, vestibulum eget, vulputate ut, ultrices vel, augue.",Fisk,Sabtang,,3904,1 Eastlawn Crossing
42,Wikizz,562-504-4598,Rosa,Ledram,236-557-6741,rledram15@blinklist.com,Suspendisse ornare consequat lectus.,Daystar,Shangsha,,,0 Fair Oaks Parkway
43,Yambee,975-348-4496,Aveline,Kinastan,355-222-3710,akinastan16@google.cn,Donec ut dolor.,Melvin,Toshbuloq,,,4176 Upham Pass
44,Zoombeat,191-149-3822,Mord,Vaggers,860-349-4157,mvaggers17@state.gov,Nullam varius. Nulla facilisi. Cras non velit nec nisi vulputate nonummy.,Upham,Montpellier,Languedoc-Roussillon,34299 CEDEX 5,5473 Donald Road
45,Vitz,942-865-9822,Lucita,Ruckledge,506-306-9692,lruckledge18@gmpg.org,"Aliquam augue quam, sollicitudin vitae, consectetuer eget, rutrum at, lorem. Integer tincidunt ante vel ipsum. Praesent blandit lacinia erat.",Comanche,Malakal,,,9 International Alley
46,Quimm,525-630-0818,Nanice,Caldwall,675-511-3111,ncaldwall19@walmart.com,"Fusce lacus purus, aliquet at, feugiat non, pretium quis, lectus. Suspendisse potenti. In eleifend quam a odio. In hac habitasse platea dictumst.",Hoard,Logung,,,2 Sutteridge Trail
47,Jabbersphere,152-786-4903,Rahal,Mateescu,585-284-8120,rmateescu1a@fema.gov,Morbi a ipsum. Integer a nibh. In quis justo. Maecenas rhoncus aliquam lacus.,Farwell,Mmathubudukwane,,,0 Forest Run Point
48,Eadel,540-360-7603,Hernando,Joanaud,540-298-7885,hjoanaud1b@aboutads.info,Nullam porttitor lacus at turpis. Donec posuere metus vitae ipsum.,Twin Pines,Totora,,,04 Carberry Pass
49,Topicstorm,851-791-2692,Riannon,Etherson,869-130-0657,retherson1c@webeden.co.uk,Etiam vel augue.,Pond,Vondrozo,,,3025 Bowman Point
50,Yodel,904-862-5926,Tallulah,Balassi,977-144-0314,tbalassi1d@dmoz.org,Ut tellus. Nulla ut erat id mauris vulputate elementum. Nullam varius.,Mcbride,Mozdok,,363759,3374 Village Road
51,Avamm,436-230-9941,Cass,McElrea,241-943-1190,cmcelrea1e@weibo.com,Nunc purus. Phasellus in felis.,Everett,Zruč nad Sázavou,,285 22,6849 Loeprich Court
52,Zooveo,752-177-6500,Chicky,Selesnick,931-232-1592,cselesnick1f@delicious.com,"Proin interdum mauris non ligula pellentesque ultrices. Phasellus id sapien in sapien iaculis congue. Vivamus metus arcu, adipiscing molestie, hendrerit at, vulputate vitae, nisl. Aenean lectus.",Blackbird,Vila Franca,Viana do Castelo,4935-621,33 Bunting Drive
53,Cogidoo,533-599-9271,Kylen,Dewey,470-340-8282,kdewey1g@stumbleupon.com,Duis ac nibh.,Montana,Frederico Westphalen,,98400-000,2 Beilfuss Place
54,Voolith,517-358-7724,Chilton,O'Heagertie,391-293-7374,coheagertie1h@go.com,In hac habitasse platea dictumst.,Pierstorff,Otukpa,,,5 Alpine Place
55,Jabbersphere,876-169-5889,Micheil,Drewell,674-457-3548,mdrewell1i@barnesandnoble.com,"Morbi porttitor lorem id ligula. Suspendisse ornare consequat lectus. In est risus, auctor sed, tristique in, tempus sit amet, sem.",Thompson,Sandaohezi,,,80 Lunder Crossing
56,Fanoodle,404-563-8467,Jane,Sinney,445-897-9726,jsinney1j@biglobe.ne.jp,"Donec odio justo, sollicitudin ut, suscipit a, feugiat et, eros. Vestibulum ac est lacinia nisi venenatis tristique. Fusce congue, diam id ornare imperdiet, sapien urna pretium nisl, ut volutpat sapien arcu sed augue. Aliquam erat volutpat.",Tomscot,Paris La Défense,Île-de-France,92036 CEDEX,39636 Gina Avenue
57,Photospace,332-957-9693,Rob,Lafontaine,256-237-9800,rlafontaine1k@mozilla.org,"Donec diam neque, vestibulum eget, vulputate ut, ultrices vel, augue.",Eggendart,Baran,,,61991 Scott Center
58,Mydeo,532-954-2066,Zachariah,Willets,132-253-1050,zwillets1l@instagram.com,In congue. Etiam justo.,Carberry,Belfort,Franche-Comté,90020 CEDEX,648 Warbler Street
59,Ailane,135-385-8169,Richy,Osipov,867-977-6813,rosipov1m@examiner.com,Vivamus tortor. Duis mattis egestas metus.,Stuart,Panagyurishte,,4527,635 Dayton Center
60,Linktype,769-250-7142,Oberon,Grenshiels,742-973-5852,ogrenshiels1n@samsung.com,Morbi porttitor lorem id ligula.,Service,Xiangdong,,,6 Toban Hill
61,Thoughtblab,185-930-2284,Ring,Dury,292-191-1218,rdury1o@meetup.com,Ut at dolor quis odio consequat varius.,Bluejay,Queniquea,,,6235 Rieder Place
62,Bluezoom,887-846-5895,Malia,Gasnoll,423-586-8711,mgasnoll1p@alibaba.com,"Morbi ut odio. Cras mi pede, malesuada in, imperdiet et, commodo vulputate, justo.",Hoffman,Kupahandap,,,4 Muir Parkway
63,Skibox,378-735-6491,Doralynn,Grcic,779-896-3707,dgrcic1q@wikispaces.com,Morbi vel lectus in quam fringilla rhoncus.,Coleman,Naha-shi,,903-0826,07 Hayes Parkway
64,Dynava,689-794-0210,Dru,Connor,951-549-1716,dconnor1r@nbcnews.com,"Vestibulum ac est lacinia nisi venenatis tristique. Fusce congue, diam id ornare imperdiet, sapien urna pretium nisl, ut volutpat sapien arcu sed augue.",Sage,Utarapasar,,,3 6th Plaza
65,Centizu,555-126-4369,Cyndie,Methringham,145-370-5605,cmethringham1s@house.gov,"Proin interdum mauris non ligula pellentesque ultrices. Phasellus id sapien in sapien iaculis congue. Vivamus metus arcu, adipiscing molestie, hendrerit at, vulputate vitae, nisl.",Truax,Hanting,,,20171 Clarendon Drive
66,Lajo,796-639-1484,Sydel,Doodson,902-285-6128,sdoodson1t@123-reg.co.uk,"Fusce lacus purus, aliquet at, feugiat non, pretium quis, lectus. Suspendisse potenti. In eleifend quam a odio. In hac habitasse platea dictumst.",Mccormick,Zambujeira,Lisboa,2530-327,099 Debs Center
67,Myworks,808-843-6242,Niki,Simecek,935-245-7022,nsimecek1u@biglobe.ne.jp,Nulla mollis molestie lorem. Quisque ut erat. Curabitur gravida nisi at nibh. In hac habitasse platea dictumst.,Messerschmidt,Honolulu,Hawaii,96850,51 Main Pass
68,Dazzlesphere,256-846-6183,Mylo,Basset,685-483-1983,mbasset1v@tripod.com,Curabitur gravida nisi at nibh.,Sage,Kasungu,,,83592 Evergreen Plaza
69,Tekfly,334-398-7532,Denys,Turnbull,126-553-6941,dturnbull1w@boston.com,"Duis bibendum, felis sed interdum venenatis, turpis enim blandit mi, in porttitor pede justo eu massa. Donec dapibus. Duis at velit eu est congue elementum.",Forest,Johor Bahru,Johor,80500,426 Mccormick Center
70,Zoozzy,519-586-3450,Rosalinda,Ferandez,236-636-2947,rferandez1x@google.com.au,Quisque porta volutpat erat.,Badeau,Färgelanda,Västra Götaland,458 92,1980 Fair Oaks Hill
71,Gigaclub,323-552-8848,Hart,Piecha,315-370-6807,hpiecha1y@blogtalkradio.com,Nullam sit amet turpis elementum ligula vehicula consequat.,Shoshone,Long Beach,California,90805,5 Mcbride Park
72,Browseblab,874-940-2985,Jaimie,Hynson,225-883-9060,jhynson1z@trellian.com,"Nulla neque libero, convallis eget, eleifend luctus, ultricies eu, nibh. Quisque id justo sit amet sapien dignissim vestibulum. Vestibulum ante ipsum primis in faucibus orci luctus et ultrices posuere cubilia Curae; Nulla dapibus dolor vel est.",Rusk,Smolino,,606084,21915 Columbus Circle
73,BlogXS,489-900-7741,Krissy,Burleigh,880-290-3834,kburleigh20@behance.net,Phasellus in felis. Donec semper sapien a libero.,Maple Wood,Gulbene,,,7987 Fairfield Center
74,Eamia,498-179-2499,Natalina,Brookfield,111-726-9452,nbrookfield21@shareasale.com,Suspendisse potenti.,Oxford,Abadou,,,76 Glacier Hill Place
75,Zooveo,392-294-9096,Kimberlyn,Screach,479-775-3040,kscreach22@ftc.gov,"Donec ut mauris eget massa tempor convallis. Nulla neque libero, convallis eget, eleifend luctus, ultricies eu, nibh. Quisque id justo sit amet sapien dignissim vestibulum.",Melvin,Huilong,,,9 Mesta Point
76,Eayo,462-542-0827,Farra,Lumley,685-903-7341,flumley23@merriam-webster.com,"Quisque erat eros, viverra eget, congue eget, semper rutrum, nulla. Nunc purus. Phasellus in felis.",Mayer,Larkird,,,5 Waxwing Avenue
77,Gabtype,108-837-5906,Kevan,Labbati,165-878-4466,klabbati24@zimbio.com,Maecenas pulvinar lobortis est. Phasellus sit amet erat. Nulla tempus.,Mosinee,Nizhniy Lomov,,442153,908 Hermina Point
78,Vinte,111-341-0481,Melisandra,Tollerfield,951-506-4548,mtollerfield25@usda.gov,Quisque id justo sit amet sapien dignissim vestibulum. Vestibulum ante ipsum primis in faucibus orci luctus et ultrices posuere cubilia Curae; Nulla dapibus dolor vel est.,Eastlawn,Abobo,,,16452 Warrior Park
79,Blogpad,978-756-2742,Douglas,Caret,665-338-2334,dcaret26@slate.com,"Duis mattis egestas metus. Aenean fermentum. Donec ut mauris eget massa tempor convallis. Nulla neque libero, convallis eget, eleifend luctus, ultricies eu, nibh.",Messerschmidt,Umbultanjung,,,626 Parkside Circle
80,Avavee,754-490-0141,Shirlee,Brayson,648-711-4257,sbrayson27@indiegogo.com,Proin eu mi. Nulla ac enim.,Tennessee,Serra,,29160-000,8312 Clove Circle
81,Livetube,152-364-2647,Karee,Gillinghams,814-520-1737,kgillinghams28@apple.com,"Suspendisse potenti. Cras in purus eu magna vulputate luctus. Cum sociis natoque penatibus et magnis dis parturient montes, nascetur ridiculus mus.",Red Cloud,Bordeaux,Aquitaine,33050 CEDEX,3263 Surrey Junction
82,DabZ,272-649-7632,Dierdre,Lankham,293-114-2327,dlankham29@examiner.com,Donec ut mauris eget massa tempor convallis.,Dennis,San Rafael,Michoacan De Ocampo,58910,0802 Longview Center
83,Midel,930-677-9984,Wilburt,Ropkins,483-316-2435,wropkins2a@dedecms.com,"Morbi quis tortor id nulla ultrices aliquet. Maecenas leo odio, condimentum id, luctus nec, molestie sed, justo. Pellentesque viverra pede ac diam.",Pine View,Shchëkino,,301259,0903 Arizona Street
84,Topiclounge,263-710-9658,Geralda,Grut,733-431-7742,ggrut2b@soundcloud.com,Donec dapibus. Duis at velit eu est congue elementum.,Elmside,Walakeri,,,3 Del Mar Alley
85,Mynte,104-271-8795,Sloane,Formie,849-539-8168,sformie2c@ihg.com,Duis consequat dui nec nisi volutpat eleifend. Donec ut dolor. Morbi vel lectus in quam fringilla rhoncus.,Esch,Chixi,,,76623 Cordelia Lane
86,Kwinu,231-973-4141,Garv,Toothill,513-803-1796,gtoothill2d@ox.ac.uk,"Vivamus vel nulla eget eros elementum pellentesque. Quisque porta volutpat erat. Quisque erat eros, viverra eget, congue eget, semper rutrum, nulla.",Bashford,Al Khirāb,,,13 Elmside Pass
87,Bubblemix,752-512-0088,Allie,McGilleghole,206-136-6590,amcgilleghole2e@so-net.ne.jp,Sed accumsan felis. Ut at dolor quis odio consequat varius. Integer ac leo. Pellentesque ultrices mattis odio.,Hermina,Lefengzhen,,,2 Hovde Court
88,Geba,115-752-1469,Ingra,Bianco,713-931-3247,ibianco2f@chronoengine.com,"Fusce congue, diam id ornare imperdiet, sapien urna pretium nisl, ut volutpat sapien arcu sed augue.",Ruskin,Ordem,Leiria,2430-159,094 Sage Pass
89,Avavee,488-848-0525,Heath,Gerok,326-422-5917,hgerok2g@mayoclinic.com,"Integer pede justo, lacinia eget, tincidunt eget, tempus vel, pede.",Banding,Marigot,,,7 Browning Road
90,Skyndu,997-917-5407,Blanch,Creddon,561-136-8143,bcreddon2h@skyrock.com,"Donec odio justo, sollicitudin ut, suscipit a, feugiat et, eros. Vestibulum ac est lacinia nisi venenatis tristique.",Sullivan,Presidente Epitácio,,19470-000,86 Westport Park
91,Trilith,702-869-8075,Niall,Cornwall,224-956-8546,ncornwall2i@buzzfeed.com,Duis aliquam convallis nunc. Proin at turpis a pede posuere nonummy. Integer non velit.,Kropf,Sant Julià de Lòria,,AD600,4 Morrow Junction
92,Skinder,711-781-3379,Ninetta,Toffanelli,294-471-0033,ntoffanelli2j@tiny.cc,Integer tincidunt ante vel ipsum. Praesent blandit lacinia erat. Vestibulum sed magna at nunc commodo placerat.,Summer Ridge,Dhidhdhoo,,,19 Larry Junction
93,Tagtune,625-764-0385,Noel,Gillaspy,398-573-0305,ngillaspy2k@seattletimes.com,Pellentesque eget nunc. Donec quis orci eget orci vehicula condimentum.,Manitowish,Tyrawa Wołoska,,38-535,1 Blackbird Center
94,Pixope,909-699-0903,Loy,Dablin,531-344-7056,ldablin2l@webmd.com,Ut tellus.,Tennyson,Padabeunghar,,,4610 Toban Lane
95,Chatterpoint,117-930-6682,Laural,Gorwood,818-910-2394,lgorwood2m@google.nl,"Morbi quis tortor id nulla ultrices aliquet. Maecenas leo odio, condimentum id, luctus nec, molestie sed, justo. Pellentesque viverra pede ac diam. Cras pellentesque volutpat dui.",Buena Vista,Villiers,,9840,71 Duke Terrace
96,Flipstorm,262-552-4232,Isobel,Grewe,130-453-8428,igrewe2n@fda.gov,Nunc rhoncus dui vel sem.,Westridge,Jasper Park Lodge,Alberta,H3R,02892 Hovde Pass
97,Skimia,392-361-6231,Lotte,Maydway,567-442-4312,lmaydway2o@plala.or.jp,"Duis bibendum, felis sed interdum venenatis, turpis enim blandit mi, in porttitor pede justo eu massa. Donec dapibus. Duis at velit eu est congue elementum. In hac habitasse platea dictumst.",Holy Cross,Wielichowo,,64-050,0 Thierer Street
98,Eidel,836-627-9504,Ode,Crinage,936-931-5341,ocrinage2p@oracle.com,Nunc purus. Phasellus in felis.,Southridge,Firá,,,0087 Melby Terrace
99,Trilia,693-469-1911,Borden,Antuk,122-264-7478,bantuk2q@netscape.com,Nunc nisl.,Erie,General Villegas,,6230,8293 Gina Court
100,Layo,661-580-8443,Jacquetta,Ditter,894-958-8814,jditter2r@edublogs.org,Nulla mollis molestie lorem. Quisque ut erat.,East,Vällingby,Stockholm,162 61,70491 Sloan Way
101,Fadeo,516-777-9228,Donny,Hedditch,944-907-3693,dhedditch2s@creativecommons.org,"Nam ultrices, libero non mattis pulvinar, nulla pede ullamcorper augue, a suscipit nulla elit ac nulla.",Toban,Klippan,Skåne,264 36,8 Summer Ridge Road
102,Jaloo,458-517-8249,Melania,Coad,164-675-8299,mcoad2t@ucoz.ru,Vivamus vestibulum sagittis sapien.,Rieder,Lâm Thao,,,0748 Linden Parkway
103,Skidoo,120-973-3539,Manolo,Clayfield,768-510-4960,mclayfield2u@yahoo.co.jp,Donec ut mauris eget massa tempor convallis.,Monica,Sete Cidades,Ilha de São Miguel,9555-197,692 Northfield Court
104,Demimbu,609-128-6375,Valentine,Pays,220-329-9051,vpays2v@etsy.com,Duis consequat dui nec nisi volutpat eleifend. Donec ut dolor.,Ruskin,Kumbo,,,6 Homewood Center
105,Centizu,516-494-4408,North,Gherardesci,338-516-0287,ngherardesci2w@dropbox.com,Cras pellentesque volutpat dui.,Hagan,Kapiri Mposhi,,,33 Hovde Lane
106,Trilith,697-186-3295,Euphemia,Schust,357-288-1586,eschust2x@surveymonkey.com,"Cum sociis natoque penatibus et magnis dis parturient montes, nascetur ridiculus mus. Vivamus vestibulum sagittis sapien. Cum sociis natoque penatibus et magnis dis parturient montes, nascetur ridiculus mus.",Dryden,Hoolt,,,05 Fallview Place
107,Eimbee,183-505-3533,Levi,Whitebread,883-496-5914,lwhitebread2y@simplemachines.org,"Integer aliquet, massa id lobortis convallis, tortor risus dapibus augue, vel accumsan tellus nisi eu orci. Mauris lacinia sapien quis libero. Nullam sit amet turpis elementum ligula vehicula consequat.",Truax,Dadap,,,8 Nevada Parkway
108,Thoughtworks,233-689-4740,Elsi,Showen,511-929-6751,eshowen2z@businessinsider.com,Duis at velit eu est congue elementum.,Quincy,Cork,,T23,21 Old Gate Alley
109,Agimba,472-985-4575,Any,Kennett,742-404-9026,akennett30@indiatimes.com,Suspendisse accumsan tortor quis turpis.,Katie,Pale,,,9 Lakewood Street
110,Roombo,534-682-5306,Rikki,Posen,541-783-3670,rposen31@dedecms.com,Mauris lacinia sapien quis libero. Nullam sit amet turpis elementum ligula vehicula consequat. Morbi a ipsum. Integer a nibh.,Green Ridge,Lecheng,,,7543 Colorado Avenue
111,Gabtune,587-384-4835,Donielle,Duchatel,514-318-1828,dduchatel32@intel.com,Duis aliquam convallis nunc.,Drewry,Paris 12,Île-de-France,75567 CEDEX 12,3 Westridge Park
112,Edgepulse,677-811-7857,Archibold,Browse,601-798-6977,abrowse33@t.co,Maecenas tincidunt lacus at velit.,Sunnyside,Ziguinchor,,,84 Bluestem Alley
113,Browsebug,448-623-0956,Caye,Gerrard,367-432-8370,cgerrard34@blogger.com,Ut at dolor quis odio consequat varius. Integer ac leo.,Mockingbird,Dengok,,,99 Old Gate Park
114,Dabvine,516-408-5502,Arvin,Votier,417-998-6477,avotier35@netvibes.com,Duis mattis egestas metus. Aenean fermentum.,Banding,Pyatovskiy,,249903,2 Farmco Road
115,Yacero,705-180-7607,Celie,Girardet,985-936-8993,cgirardet36@google.com.br,"Nulla neque libero, convallis eget, eleifend luctus, ultricies eu, nibh.",Thierer,Polevskoy,,623389,36624 Birchwood Road
116,Realfire,500-508-6792,Sydelle,Clynman,758-239-1534,sclynman37@stanford.edu,"Maecenas tristique, est et tempus semper, est quam pharetra magna, ac consequat metus sapien ut nunc.",Darwin,Tugu,,,2596 Elka Road
117,Yozio,271-686-8926,Derrik,Kaszper,342-703-2833,dkaszper38@prweb.com,"Quisque erat eros, viverra eget, congue eget, semper rutrum, nulla. Nunc purus. Phasellus in felis. Donec semper sapien a libero.",Elmside,Negla,,,9 Division Alley
118,Yozio,400-536-6127,Danielle,Kynforth,968-611-5912,dkynforth39@furl.net,"Morbi odio odio, elementum eu, interdum eu, tincidunt in, leo. Maecenas pulvinar lobortis est. Phasellus sit amet erat. Nulla tempus.",Loeprich,Huangyang,,,51 Brentwood Pass
119,Riffwire,933-912-5703,Gaston,Mulvey,139-602-3361,gmulvey3a@tmall.com,Etiam justo. Etiam pretium iaculis justo. In hac habitasse platea dictumst.,Haas,Guaxupé,,37800-000,0 Eliot Crossing
120,Blogtags,800-972-5783,Tedie,Brambell,752-980-6877,tbrambell3b@dedecms.com,Proin eu mi. Nulla ac enim.,Dryden,Shuangtang,,,8122 Bonner Court
121,Demimbu,949-340-6698,Trevar,Gregorace,316-724-8504,tgregorace3c@meetup.com,"Vivamus in felis eu sapien cursus vestibulum. Proin eu mi. Nulla ac enim. In tempor, turpis nec euismod scelerisque, quam turpis adipiscing lorem, vitae mattis nibh ligula nec sem.",Stang,Jayawangi,,,6633 Green Circle
122,Gigabox,818-796-9985,Ned,Buchanan,356-648-3161,nbuchanan3d@linkedin.com,"Lorem ipsum dolor sit amet, consectetuer adipiscing elit. Proin risus. Praesent lectus.",Oriole,Gangdong,,,092 Dryden Point
123,Flipopia,322-869-7569,Trenna,Fawson,330-684-2278,tfawson3e@i2i.jp,"Fusce congue, diam id ornare imperdiet, sapien urna pretium nisl, ut volutpat sapien arcu sed augue. Aliquam erat volutpat. In congue.",Summerview,Sohag,,,24661 Holy Cross Park
124,Fiveclub,782-904-2009,Lucinda,MacAloren,353-704-9715,lmacaloren3f@xing.com,Proin risus.,Fremont,Shuangpengxi,,,60 Cardinal Road
125,Podcat,159-418-7144,Tye,Di Batista,989-470-2050,tdibatista3g@people.com.cn,"Morbi vel lectus in quam fringilla rhoncus. Mauris enim leo, rhoncus sed, vestibulum sit amet, cursus id, turpis. Integer aliquet, massa id lobortis convallis, tortor risus dapibus augue, vel accumsan tellus nisi eu orci.",Sutherland,Paço,Lisboa,2530-692,2580 Heath Avenue
126,Gabvine,954-589-2192,Margo,Kield,986-156-3706,mkield3h@twitter.com,"Maecenas leo odio, condimentum id, luctus nec, molestie sed, justo. Pellentesque viverra pede ac diam. Cras pellentesque volutpat dui. Maecenas tristique, est et tempus semper, est quam pharetra magna, ac consequat metus sapien ut nunc.",Dawn,Zeleneč,,250 91,0 Graedel Way
127,Edgeblab,548-363-3892,Garvey,Pilcher,119-415-3346,gpilcher3i@springer.com,"Cum sociis natoque penatibus et magnis dis parturient montes, nascetur ridiculus mus. Vivamus vestibulum sagittis sapien. Cum sociis natoque penatibus et magnis dis parturient montes, nascetur ridiculus mus. Etiam vel augue.",Stephen,Changning,,,11 Cottonwood Junction
128,Dynabox,353-461-8641,Micheal,D'Cruze,952-812-6832,mdcruze3j@kickstarter.com,Aliquam quis turpis eget elit sodales scelerisque.,Old Gate,Pointe-à-Pitre,Guadeloupe,97159 CEDEX,97 Spaight Drive
129,Dynava,507-749-2306,Gilbert,Tunnicliff,513-413-0929,gtunnicliff3k@ucsd.edu,Nulla facilisi. Cras non velit nec nisi vulputate nonummy. Maecenas tincidunt lacus at velit.,Towne,Wodzierady,,98-105,6384 Bluejay Parkway
130,Topiczoom,865-815-8955,Hyacinth,Ridde,173-890-5349,hridde3l@slideshare.net,"Nam congue, risus semper porta volutpat, quam pede lobortis ligula, sit amet eleifend pede libero quis orci. Nullam molestie nibh in lectus.",Hermina,Solidaridad,Veracruz Llave,94330,77168 Ramsey Court
131,Kanoodle,178-151-3202,Jakie,Mulroy,151-378-8764,jmulroy3m@google.com,Duis aliquam convallis nunc. Proin at turpis a pede posuere nonummy.,Eagle Crest,Dazhipo,,,74215 Carey Pass
132,Gigabox,378-480-1721,Leela,Payler,825-547-4592,lpayler3n@amazon.com,"Praesent blandit. Nam nulla. Integer pede justo, lacinia eget, tincidunt eget, tempus vel, pede.",Harbort,Augustów,,16-303,46 Northview Drive
133,Browsebug,928-794-3136,Clayborn,Bergstram,233-149-3054,cbergstram3o@abc.net.au,Suspendisse potenti. Nullam porttitor lacus at turpis.,Manitowish,Emmaboda,Kalmar,361 31,8 Buell Circle
134,Skimia,367-966-5034,Prentice,Sneesbie,923-419-6453,psneesbie3p@drupal.org,Aenean fermentum.,Anhalt,Orvalho,Castelo Branco,6185-302,473 Center Place
135,Leexo,417-415-3516,Irving,Boshers,530-873-3338,iboshers3q@telegraph.co.uk,"Cras in purus eu magna vulputate luctus. Cum sociis natoque penatibus et magnis dis parturient montes, nascetur ridiculus mus. Vivamus vestibulum sagittis sapien. Cum sociis natoque penatibus et magnis dis parturient montes, nascetur ridiculus mus.",Mcguire,Jamundí,,764008,2834 Jackson Drive
136,Divape,211-432-8416,Orren,Pilcher,132-286-7425,opilcher3r@miibeian.gov.cn,"Lorem ipsum dolor sit amet, consectetuer adipiscing elit.",Nobel,Ojos de Agua,,,511 Tennessee Plaza
137,Eare,430-764-8743,Mata,Thay,371-124-9220,mthay3s@usa.gov,Suspendisse potenti. Cras in purus eu magna vulputate luctus.,Nelson,Uglich,,152616,903 Burrows Way
138,Topiczoom,427-943-3964,Constancia,Smeaton,183-889-7672,csmeaton3t@clickbank.net,"Vestibulum ante ipsum primis in faucibus orci luctus et ultrices posuere cubilia Curae; Nulla dapibus dolor vel est. Donec odio justo, sollicitudin ut, suscipit a, feugiat et, eros. Vestibulum ac est lacinia nisi venenatis tristique.",Canary,Budva,,,5310 Talmadge Hill
139,Lajo,155-362-6174,Hilda,Crysell,919-344-7219,hcrysell3u@theatlantic.com,"Duis ac nibh. Fusce lacus purus, aliquet at, feugiat non, pretium quis, lectus.",Bartelt,Saniwonorejo,,,1 Arkansas Plaza
140,Zoovu,931-311-1981,Si,Lafflina,426-818-8049,slafflina3v@cam.ac.uk,"Vivamus metus arcu, adipiscing molestie, hendrerit at, vulputate vitae, nisl.",5th,Jucás,,63580-000,4 Summit Avenue
141,Vitz,782-670-8898,Purcell,Greason,931-144-2785,pgreason3w@constantcontact.com,"In est risus, auctor sed, tristique in, tempus sit amet, sem. Fusce consequat.",Elgar,Kebon,,,5 Kropf Road
142,Trilia,427-866-7351,Bard,Hamberstone,953-710-7642,bhamberstone3x@gov.uk,Nulla justo. Aliquam quis turpis eget elit sodales scelerisque.,Waubesa,Castellon De La Plana/Castello De La Pla,Comunidad Valenciana,12005,4364 Cambridge Center
143,Innojam,592-670-1322,Berkeley,Whyman,916-915-4550,bwhyman3y@biblegateway.com,Mauris lacinia sapien quis libero. Nullam sit amet turpis elementum ligula vehicula consequat. Morbi a ipsum.,Michigan,Mocajuba,,68420-000,743 Glendale Way
144,Devshare,898-800-7726,Sheridan,Commucci,962-251-6804,scommucci3z@admin.ch,Aliquam quis turpis eget elit sodales scelerisque. Mauris sit amet eros.,Di Loreto,Dār an Naşr,,,4 Badeau Circle
145,Lazzy,825-861-4249,Ugo,Diment,413-697-8995,udiment40@state.tx.us,"Duis at velit eu est congue elementum. In hac habitasse platea dictumst. Morbi vestibulum, velit id pretium iaculis, diam erat fermentum justo, nec condimentum neque sapien placerat ante.",Independence,Recreio,,36740-000,11 Autumn Leaf Road
146,Twinte,458-370-3914,Kylynn,Bodker,587-103-0236,kbodker41@bandcamp.com,Duis bibendum. Morbi non quam nec dui luctus rutrum. Nulla tellus.,Oneill,Yuyue,,,17 Ilene Plaza
147,Dablist,882-705-2633,Catherine,Waight,810-596-1595,cwaight42@gmpg.org,"Nulla ac enim. In tempor, turpis nec euismod scelerisque, quam turpis adipiscing lorem, vitae mattis nibh ligula nec sem.",Westridge,Jungutbatu Kaja Dua,,,0829 Mesta Alley
148,Lajo,444-798-4424,Licha,Vashchenko,253-886-1423,lvashchenko43@opensource.org,In hac habitasse platea dictumst. Maecenas ut massa quis augue luctus tincidunt. Nulla mollis molestie lorem.,Granby,Pakisrejo,,,69 Iowa Court
149,Abatz,717-709-1994,Sean,Sally,808-279-3900,ssally44@patch.com,Sed vel enim sit amet nunc viverra dapibus. Nulla suscipit ligula in lacus.,Shoshone,Dragomer,,1358,284 Reinke Court
150,Ntag,186-623-3713,Lynna,Mandres,533-741-2835,lmandres45@google.es,Fusce consequat. Nulla nisl.,Hoard,Hamburg,Hamburg,22339,99 Roxbury Pass
151,Yabox,481-236-5592,Inger,Keene,264-325-8317,ikeene46@buzzfeed.com,Integer ac leo.,Jenifer,Angostura,,051818,6830 Elmside Crossing
152,Youtags,116-876-2255,Andrei,Joscelyn,451-640-5991,ajoscelyn47@go.com,Aenean auctor gravida sem. Praesent id massa id nisl venenatis lacinia. Aenean sit amet justo. Morbi ut odio.,Mosinee,Milano,Lombardia,20147,2 Lien Crossing
153,Muxo,425-454-7291,Anthea,Greenroa,235-474-7615,agreenroa48@squidoo.com,Duis bibendum. Morbi non quam nec dui luctus rutrum. Nulla tellus.,Springs,Robertsport,,,42 Russell Hill
154,Fiveclub,184-542-6098,Nikki,Pelham,671-962-5188,npelham49@squidoo.com,"Curabitur in libero ut massa volutpat convallis. Morbi odio odio, elementum eu, interdum eu, tincidunt in, leo. Maecenas pulvinar lobortis est. Phasellus sit amet erat.",Dexter,San Marcos,,704038,4 West Street
155,Gigashots,776-228-3567,Elisha,Halwill,847-611-0348,ehalwill4a@dailymail.co.uk,Aenean auctor gravida sem. Praesent id massa id nisl venenatis lacinia.,Johnson,Brzyska,,38-212,48 Forest Run Park
156,Tagfeed,537-255-7889,Fin,Smedmore,707-170-4854,fsmedmore4b@zimbio.com,"Morbi non lectus. Aliquam sit amet diam in magna bibendum imperdiet. Nullam orci pede, venenatis non, sodales sed, tincidunt eu, felis. Fusce posuere felis sed lacus.",Kings,Guatimozín,,2625,922 Westridge Pass
157,Avaveo,371-159-3313,Ricoriki,Imesen,784-449-6453,rimesen4c@weather.com,Etiam vel augue. Vestibulum rutrum rutrum neque.,1st,Kostyantynivka,,,18066 Dovetail Junction
158,Meedoo,939-612-2131,Becka,Milch,646-505-6188,bmilch4d@amazon.co.uk,Suspendisse potenti. Nullam porttitor lacus at turpis. Donec posuere metus vitae ipsum.,Monterey,Nanshi,,,7139 Division Point
159,Mybuzz,206-629-9610,Ansel,Lockery,368-115-8158,alockery4e@state.gov,"Proin at turpis a pede posuere nonummy. Integer non velit. Donec diam neque, vestibulum eget, vulputate ut, ultrices vel, augue. Vestibulum ante ipsum primis in faucibus orci luctus et ultrices posuere cubilia Curae; Donec pharetra, magna vestibulum aliquet ultrices, erat tortor sollicitudin mi, sit amet lobortis sapien sapien non mi.",Elgar,Železnice,,507 13,556 Fairview Point
160,Livepath,192-118-8943,Dotti,Kerman,771-910-6775,dkerman4f@fastcompany.com,Morbi quis tortor id nulla ultrices aliquet.,Washington,Kuhmalahti,,36810,8 Clove Crossing
161,Vinder,696-106-2659,Calla,Fairfoot,504-736-3280,cfairfoot4g@mtv.com,Nulla tempus.,Donald,Jardín,,056057,03 Dahle Park
162,Flashpoint,138-529-3715,Penny,Dehm,203-868-3332,pdehm4h@istockphoto.com,Duis bibendum. Morbi non quam nec dui luctus rutrum. Nulla tellus.,Maywood,Vrdy,,285 71,0186 Bowman Court
163,Babbleblab,989-536-5277,Talyah,Sawdon,583-666-5657,tsawdon4i@yandex.ru,"Proin risus. Praesent lectus. Vestibulum quam sapien, varius ut, blandit non, interdum in, ante.",Heath,Gyōda,,369-0137,71638 Kingsford Plaza
164,Midel,297-756-9424,Janelle,Gage,725-854-2264,jgage4j@slashdot.org,"Quisque arcu libero, rutrum ac, lobortis vel, dapibus at, diam.",Graceland,Banjar Tibubiyu Kaja,,,86951 Gulseth Way
165,Flashpoint,267-233-5088,Piper,Peirson,486-818-0452,ppeirson4k@kickstarter.com,"Curabitur gravida nisi at nibh. In hac habitasse platea dictumst. Aliquam augue quam, sollicitudin vitae, consectetuer eget, rutrum at, lorem.",Hanover,Oele,,,1 Michigan Junction
166,Gabvine,420-514-2776,Christophe,Gott,463-795-9860,cgott4l@ca.gov,"Sed sagittis. Nam congue, risus semper porta volutpat, quam pede lobortis ligula, sit amet eleifend pede libero quis orci. Nullam molestie nibh in lectus.",Walton,Ojo de Agua,Michoacan De Ocampo,58353,6319 Knutson Circle
167,Eayo,731-487-2083,Carlynn,Selkirk,805-105-8977,cselkirk4m@webs.com,"Vivamus vel nulla eget eros elementum pellentesque. Quisque porta volutpat erat. Quisque erat eros, viverra eget, congue eget, semper rutrum, nulla.",Forest,Latacunga,,,961 American Ash Junction
168,Dazzlesphere,357-311-4947,Luce,Deshorts,285-966-5824,ldeshorts4n@accuweather.com,"Morbi porttitor lorem id ligula. Suspendisse ornare consequat lectus. In est risus, auctor sed, tristique in, tempus sit amet, sem.",Buell,Fenchen,,,2193 Ruskin Junction
169,Photofeed,901-614-0924,Manon,O'Gready,162-447-9857,mogready4o@earthlink.net,Aenean lectus. Pellentesque eget nunc. Donec quis orci eget orci vehicula condimentum.,Texas,Zvishavane,,,63783 Pierstorff Trail
170,Gabcube,501-706-5216,Dionne,Vanyutin,304-351-5224,dvanyutin4p@uiuc.edu,"Sed sagittis. Nam congue, risus semper porta volutpat, quam pede lobortis ligula, sit amet eleifend pede libero quis orci. Nullam molestie nibh in lectus.",Pine View,Moravská Třebová,,571 01,39 Dwight Street
171,Jatri,315-410-9325,Darrin,Drohan,643-774-4313,ddrohan4q@ow.ly,"Donec odio justo, sollicitudin ut, suscipit a, feugiat et, eros.",Comanche,Mahaddayweyne,,,06178 Meadow Ridge Plaza
172,Yoveo,334-953-9497,Grete,Coundley,167-608-0325,gcoundley4r@wix.com,In quis justo.,Lakeland,Ciudad Arce,,,673 Sherman Avenue
173,Vidoo,104-934-5275,Papagena,Smidmor,765-457-9618,psmidmor4s@plala.or.jp,Sed vel enim sit amet nunc viverra dapibus. Nulla suscipit ligula in lacus.,Kenwood,Pampachiri,,,156 Old Gate Place
174,Innojam,111-560-7613,Kingsley,MacIlraith,133-562-7706,kmacilraith4t@shutterfly.com,Nullam sit amet turpis elementum ligula vehicula consequat.,Judy,Caringin,,,58 Arizona Place
175,Realcube,736-666-6040,Corinne,Fancourt,173-716-7457,cfancourt4u@bloglines.com,Praesent blandit. Nam nulla.,Bashford,Mullsjö,Jönköping,565 31,59 Kenwood Alley
176,Wikivu,704-779-2600,Idelle,Bruckental,327-553-5512,ibruckental4v@washington.edu,Nulla facilisi.,Jay,Charlotte,North Carolina,28225,89365 Sommers Crossing
177,Leenti,811-759-6410,Tessy,Doey,132-895-9170,tdoey4w@theguardian.com,Suspendisse potenti.,Spaight,Algueirão,Lisboa,2725-007,5409 2nd Hill
178,DabZ,117-599-2662,Wynn,Longdon,505-111-5753,wlongdon4x@nba.com,Praesent id massa id nisl venenatis lacinia. Aenean sit amet justo. Morbi ut odio.,Hanson,Dębów,,37-230,0 Pleasure Junction
179,Yadel,207-989-6685,Fanya,Rixon,813-224-8520,frixon4y@t-online.de,"Donec odio justo, sollicitudin ut, suscipit a, feugiat et, eros.",Crowley,San Juan,,6227,09 Sheridan Alley
180,Twimbo,678-966-0595,Morty,Groucock,118-863-1845,mgroucock4z@photobucket.com,"Vivamus in felis eu sapien cursus vestibulum. Proin eu mi. Nulla ac enim. In tempor, turpis nec euismod scelerisque, quam turpis adipiscing lorem, vitae mattis nibh ligula nec sem.",Dottie,Guilherand-Granges,Rhône-Alpes,07509 CEDEX,38471 Sunfield Junction
181,Twiyo,568-856-5750,Vinnie,Jirka,745-594-6078,vjirka50@vistaprint.com,"Vivamus in felis eu sapien cursus vestibulum. Proin eu mi. Nulla ac enim. In tempor, turpis nec euismod scelerisque, quam turpis adipiscing lorem, vitae mattis nibh ligula nec sem.",Moose,Si Narong,,34000,81 Myrtle Crossing
182,Dynabox,959-990-3420,Lindon,Daborne,455-441-5283,ldaborne51@businessweek.com,"Proin risus. Praesent lectus. Vestibulum quam sapien, varius ut, blandit non, interdum in, ante.",Hansons,Yinjiaxi,,,18965 Lakeland Place
183,Demizz,925-569-9995,Elberta,Billion,555-886-8045,ebillion52@unicef.org,"Nulla ac enim. In tempor, turpis nec euismod scelerisque, quam turpis adipiscing lorem, vitae mattis nibh ligula nec sem.",Schmedeman,Nantes,Pays de la Loire,44094 CEDEX 1,3674 1st Place
184,Aivee,916-617-2722,Emelyne,Partlett,636-582-9761,epartlett53@nationalgeographic.com,Morbi non quam nec dui luctus rutrum.,Hayes,Sacramento,California,94291,8775 Miller Plaza
185,Camido,342-733-4090,Livvyy,Paike,171-184-9586,lpaike54@bbc.co.uk,"Fusce lacus purus, aliquet at, feugiat non, pretium quis, lectus. Suspendisse potenti. In eleifend quam a odio.",Kropf,Stalís,,,7 Stuart Junction
186,Eidel,485-742-6401,Reynard,Hallgarth,350-553-9386,rhallgarth55@themeforest.net,Curabitur at ipsum ac tellus semper interdum. Mauris ullamcorper purus sit amet nulla.,Moulton,Shi’ao,,,64594 Division Court
187,Quire,574-966-7062,Dory,Sains,175-751-4170,dsains56@baidu.com,"Aliquam augue quam, sollicitudin vitae, consectetuer eget, rutrum at, lorem. Integer tincidunt ante vel ipsum. Praesent blandit lacinia erat.",Carey,Baz,,,3509 Commercial Alley
188,Browsedrive,325-558-4453,Mathias,Thurstan,176-529-6141,mthurstan57@flavors.me,"Vestibulum ante ipsum primis in faucibus orci luctus et ultrices posuere cubilia Curae; Nulla dapibus dolor vel est. Donec odio justo, sollicitudin ut, suscipit a, feugiat et, eros. Vestibulum ac est lacinia nisi venenatis tristique. Fusce congue, diam id ornare imperdiet, sapien urna pretium nisl, ut volutpat sapien arcu sed augue.",Brentwood,Lenešice,,439 23,73 Clarendon Drive
189,Fatz,678-870-8251,Maggie,Dacre,492-691-9086,mdacre58@chicagotribune.com,Etiam pretium iaculis justo. In hac habitasse platea dictumst.,Lighthouse Bay,Ashcroft,British Columbia,L0R,92232 Little Fleur Street
190,Dabshots,761-653-1779,Angelico,Carlon,718-224-5380,acarlon59@nbcnews.com,Mauris lacinia sapien quis libero. Nullam sit amet turpis elementum ligula vehicula consequat.,Riverside,Saray,,,1 Sutteridge Avenue
191,Browsedrive,439-178-7318,Patrice,Gossage,738-207-5702,pgossage5a@mail.ru,"Duis bibendum, felis sed interdum venenatis, turpis enim blandit mi, in porttitor pede justo eu massa. Donec dapibus.",Northland,Shāhpur,,47261,1178 Kedzie Terrace
192,Skyba,543-339-0195,Tansy,Cunniff,535-896-9745,tcunniff5b@bigcartel.com,Sed accumsan felis. Ut at dolor quis odio consequat varius. Integer ac leo.,Elmside,Campo Maior,,64280-000,642 La Follette Park
193,Miboo,743-703-0896,Randolf,Boother,687-560-2114,rboother5c@booking.com,"Pellentesque ultrices mattis odio. Donec vitae nisi. Nam ultrices, libero non mattis pulvinar, nulla pede ullamcorper augue, a suscipit nulla elit ac nulla.",Vidon,Cukangpanjang,,,74 Clyde Gallagher Drive
194,Quamba,287-805-7937,Jock,Hearons,934-533-2894,jhearons5d@eepurl.com,"In hac habitasse platea dictumst. Morbi vestibulum, velit id pretium iaculis, diam erat fermentum justo, nec condimentum neque sapien placerat ante.",Mallory,Paringin,,,446 Mallory Way
195,Mycat,941-944-6926,Wit,Rubenchik,961-475-9409,wrubenchik5e@feedburner.com,"Aliquam augue quam, sollicitudin vitae, consectetuer eget, rutrum at, lorem. Integer tincidunt ante vel ipsum.",South,Romanovo,,658640,7279 Rutledge Crossing
196,Meevee,824-325-4489,Jerrylee,Kempston,196-102-9930,jkempston5f@posterous.com,"Vestibulum ante ipsum primis in faucibus orci luctus et ultrices posuere cubilia Curae; Donec pharetra, magna vestibulum aliquet ultrices, erat tortor sollicitudin mi, sit amet lobortis sapien sapien non mi.",Quincy,Obock,,,14736 Transport Parkway
197,Snaptags,784-320-4024,Bridie,Wakely,647-646-3177,bwakely5g@virginia.edu,Vestibulum rutrum rutrum neque. Aenean auctor gravida sem. Praesent id massa id nisl venenatis lacinia. Aenean sit amet justo.,Cody,Manola,,,175 Thackeray Junction
198,Wikibox,862-451-2150,Nicolas,Dodridge,405-266-4468,ndodridge5h@businessweek.com,"Nullam orci pede, venenatis non, sodales sed, tincidunt eu, felis. Fusce posuere felis sed lacus. Morbi sem mauris, laoreet ut, rhoncus aliquet, pulvinar sed, nisl.",Del Sol,Ninove,Vlaanderen,9404,55825 Kings Junction
199,DabZ,563-664-2989,Ossie,Daulton,571-565-3490,odaulton5i@google.com.au,Suspendisse accumsan tortor quis turpis. Sed ante.,Upham,Doro Oo,,,93 Steensland Road
200,Edgewire,342-755-3289,Robinia,Checklin,988-476-1653,rchecklin5j@purevolume.com,Pellentesque ultrices mattis odio.,Riverside,Pangu,,,21 Village Green Point
