employment_history_id,customer_id,employer,title,supervisor,start_date,end_date,phone,street_name,city,province,postal_code,address
1,33,Livefish,Account Coordinator,Reginald Harrismith,1977-08-14,2009-11-11,421-145-8442,Lindbergh,Marcara,,,673 Di Loreto Parkway
2,19,Topdrive,Assistant Professor,Cedric Dudding,1999-02-19,1962-04-20,755-663-0797,Hermina,Novomykolayivka,,,20 Gina Drive
3,63,LiveZ,Accounting Assistant I,Rafael McCorkindale,1964-02-23,2013-12-10,474-396-1355,Hoard,Nor Yerznka,,,2 Fordem Lane
4,1,Quatz,Electrical Engineer,Hugh Battlestone,1991-05-24,1979-10-21,824-308-4224,Hovde,Vyshniy Volochëk,,601803,4 Packers Point
5,22,Fivespan,Safety Technician II,Jacky Glanz,1970-10-28,2006-01-27,375-571-3924,Bluejay,Göteborg,Västra Götaland,417 02,5299 Northview Hill
6,16,Fliptune,Executive Secretary,Nils Lobb,2011-02-19,1982-02-19,161-730-6712,Shelley,Xianyang,,,2604 Hazelcrest Trail
7,21,Lazzy,Design Engineer,Manda Starten,1959-07-09,2001-05-09,572-372-4914,Crest Line,Charyshskoye,,658183,182 Elmside Alley
8,75,Bluezoom,GIS Technical Architect,Halie Chessel,1971-11-29,1954-10-15,658-910-3683,Forest,Wādī Raḩḩāl,,,9750 Independence Circle
9,85,Zooveo,Geological Engineer,Jill Della,1984-05-16,1968-12-27,116-193-8733,Utah,Chahe,,,4671 Hovde Alley
10,28,Jabbersphere,Research Associate,Walther Rishworth,2016-09-10,2016-03-10,542-853-6436,Orin,Idkū,,,999 Sunbrook Pass
11,50,Tambee,Account Representative III,Walden Kinig,1987-08-12,1997-05-02,343-641-7125,Schmedeman,Znamenskoye,,303154,2682 Sloan Place
12,60,Wordpedia,Sales Representative,Michelina Pendre,1990-08-23,2000-06-04,464-533-9463,Vera,Bumbuna,,,3470 Miller Plaza
13,30,Dazzlesphere,Senior Sales Associate,Barnett Cardoe,1950-05-03,1977-10-31,922-747-7925,Dixon,Xiaoyangqi,,,7632 Atwood Circle
14,4,Shuffletag,Office Assistant III,Husain McGuinley,1994-08-25,2010-04-27,916-826-3278,Twin Pines,Guariba,,14840-000,1300 Colorado Lane
15,68,Thoughtstorm,Marketing Assistant,Liza Brownsea,1989-11-19,2013-07-03,163-803-1836,David,Oakville,Ontario,L6J,04 Leroy Circle
16,65,Fatz,Recruiting Manager,Israel Kowalik,1952-02-22,1996-12-25,482-824-3278,Brown,Póvoa,Leiria,2460-402,701 Orin Avenue
17,77,Blogpad,Staff Accountant IV,Ogdon Beavon,1951-12-19,1958-01-22,721-529-4548,Oriole,Villa Ángela,,3540,3 Emmet Plaza
18,94,Dazzlesphere,Executive Secretary,Rik Fontenot,2000-02-17,1990-12-29,339-574-9057,Heath,Gesikan,,,5 Hollow Ridge Avenue
19,20,Mynte,Budget/Accounting Analyst IV,Mathilde Codner,1955-12-14,2003-03-03,220-669-8355,New Castle,Nanfeng,,,1772 Bartillon Way
20,28,Skibox,Biostatistician III,Will Allenson,1958-11-05,1990-10-21,903-938-3752,Bartillon,Sievi,,85410,07 Holy Cross Center
21,82,Riffpath,Chief Design Engineer,Alon Nulty,1998-05-22,1977-06-03,329-662-8314,Starling,Bandong,,,57281 Graceland Center
22,73,Photojam,Recruiting Manager,Michele Baiss,2017-01-15,2014-08-24,250-464-5700,4th,Qian’an,,,03 Farragut Street
23,30,Yabox,Business Systems Development Analyst,Sydney Adicot,2014-10-07,2009-04-22,210-300-7575,Stang,Barra do Garças,,78600-000,04 Warner Plaza
24,11,Divanoodle,Computer Systems Analyst II,Donnie Massen,1975-05-15,1961-12-11,906-574-3789,Carey,Pandean,,,81 Jenifer Way
25,100,Voolia,Teacher,Vilma Dowker,1980-05-28,1970-05-16,810-347-5059,Steensland,Genova,Liguria,16124,93 Goodland Road
26,84,Jabbercube,Nurse Practicioner,Jacenta Vaan,1972-08-27,1975-11-19,409-760-9861,Starling,Bla,,,8013 Sunfield Point
27,39,Demivee,Teacher,Seumas Lukins,1990-10-14,1977-11-06,268-226-7976,Lunder,Saipan,,96950,07229 Lunder Street
28,40,Yakijo,GIS Technical Architect,Guss Alderman,1996-05-29,1963-05-16,903-628-4547,Ludington,Färgelanda,Västra Götaland,458 31,6 Pepper Wood Circle
29,87,Tagtune,Geological Engineer,Maurits Holberry,1994-02-25,1991-06-28,341-529-0759,Main,Randuboto,,,5993 Sommers Way
30,1,Camimbo,Librarian,Nico Lowry,1990-06-27,1963-09-25,752-965-7867,Darwin,Thun,Kanton Bern,3604,958 Dixon Drive
31,69,Zava,Analog Circuit Design manager,Joanie Joder,1971-08-28,1963-05-15,604-761-0927,Larry,Kompaniyivka,,,2 Mayer Circle
32,8,Zoombeat,Software Consultant,Patton Briers,1993-11-15,1954-11-04,617-824-7498,Namekagon,Taraban Timur,,,6 Heffernan Drive
33,76,Thoughtsphere,Director of Sales,Opalina Ivashechkin,1993-03-22,2006-06-07,745-814-2049,Arrowood,Miaoshou,,,14380 Lighthouse Bay Alley
34,50,JumpXS,Data Coordiator,Donielle Farney,1988-03-31,2006-07-17,964-606-4423,Pine View,Kambatatamakawu,,,278 Saint Paul Lane
35,88,Cogilith,VP Quality Control,Dorey Sainz,2000-01-24,1993-08-07,297-488-2760,Waubesa,Burgas,,8000,96645 Gerald Avenue
36,98,Eare,Physical Therapy Assistant,Nessa Hebditch,1984-10-07,1951-10-05,914-450-6019,Valley Edge,Gore,,9740,3434 Blue Bill Park Hill
37,45,Yodel,Help Desk Operator,Christie Hammel,1992-04-13,1980-10-13,150-253-1289,Randy,Rennes,Bretagne,35076 CEDEX 9,37707 Ohio Drive
38,38,Flashset,Paralegal,Thorvald Measey,1986-10-26,1990-03-28,802-557-6761,Carberry,Luzhuangzi,,,3099 Merrick Circle
39,90,Vipe,Dental Hygienist,Penelopa Collacombe,1960-09-02,1980-05-17,184-181-0963,Northwestern,Sumuragung,,,763 Carpenter Trail
40,69,Talane,Senior Developer,Rozalin Minett,2002-10-22,1994-07-07,615-130-7098,Golf View,Dicun,,,06 Jenifer Terrace
41,85,Jabberstorm,Sales Representative,Ad Ilyinski,1977-06-03,2010-09-12,541-804-7298,Vernon,Volodymyrets’,,,8474 Burrows Avenue
42,13,Yotz,Administrative Assistant II,Raven Pichmann,1972-03-01,1986-09-08,623-214-5839,Dunning,Serh,,,54229 Carioca Crossing
43,87,Yadel,Professor,Joelynn Cheetam,1963-06-26,1969-11-22,974-797-2090,Manufacturers,Al Jarādīyah,,,83 Anhalt Parkway
44,61,Einti,Nuclear Power Engineer,Lou Pluvier,2004-12-22,2004-06-29,879-135-2060,Mallard,Adstock,Québec,G0N,78789 Shoshone Way
45,48,Oyonder,Environmental Specialist,Tedmund Bowhey,1963-02-09,2001-05-20,183-593-6337,Starling,Guli,,,624 Weeping Birch Plaza
46,45,Babblestorm,Senior Quality Engineer,Susanna Dubock,2006-09-04,1965-11-12,589-935-8484,Beilfuss,Narva,,,24 Almo Way
47,8,Rhyloo,Biostatistician IV,Marcia Maltster,1967-09-07,2014-12-17,177-409-8878,Cherokee,Kebonagung,,,2 Charing Cross Way
48,62,Twinder,Legal Assistant,Tabbie Balke,1987-06-19,1973-04-03,532-189-6080,Hallows,Xiawa,,,31 Shopko Lane
49,25,Voomm,Actuary,Carlos Vossing,1958-06-18,1967-04-13,870-561-1874,Main,Ollachea,,,49365 Ridgeview Park
50,40,Flipopia,Dental Hygienist,Nettie Meert,1985-12-22,1951-12-06,874-245-3412,Monument,San Cristóbal Totonicapán,,08002,41 Welch Avenue
51,73,Photojam,Programmer III,Caressa O'Deegan,1965-10-16,1984-12-15,146-362-9999,Green Ridge,Stronie,,34-145,0737 Park Meadow Hill
52,77,Mydo,Software Engineer III,Lynette Axten,1953-06-07,1977-04-04,834-358-2673,Anderson,Guingamp,Bretagne,22204 CEDEX,16 Autumn Leaf Junction
53,90,Roombo,Chief Design Engineer,Peter Pingston,1953-08-01,1990-02-21,235-794-1267,Browning,Türkmenabat,,,650 Corscot Hill
54,79,Jatri,Senior Cost Accountant,Mollie Dunseith,1958-01-01,1980-12-25,561-411-3201,Grover,Pudoc North,,2727,4 Gale Alley
55,43,Mita,Food Chemist,Natty Piniur,1983-02-23,2004-10-13,275-142-7484,Hansons,Datan,,,16 Maywood Court
56,39,Twitterbeat,Health Coach II,Cornell MacElharge,1973-02-14,1975-07-22,489-847-3712,Butterfield,Wanquan,,,091 Welch Court
57,77,Youspan,Systems Administrator II,Bronnie Haward,1984-11-15,1985-06-20,210-260-9750,Mcbride,Itsandzéni,,,337 Green Ridge Hill
58,13,Topdrive,Financial Advisor,Zonnya Strood,2014-07-13,1984-02-20,377-881-4170,Lindbergh,Verenchanka,,,7003 Magdeline Street
59,57,Trudeo,Quality Engineer,Nichol Wellesley,1965-02-02,2000-10-29,434-760-0461,Kropf,Busan,,,328 Maryland Hill
60,63,Youtags,Nurse,Gusty Gatty,1962-05-07,1976-08-27,326-742-1831,Oriole,L'Aigle,Basse-Normandie,61304 CEDEX,48 Menomonie Avenue
61,11,Meembee,Senior Cost Accountant,Griffith Zimmermanns,1964-04-26,1983-06-02,665-152-0949,Fair Oaks,Huangban,,,34 Pond Junction
62,63,Oyoyo,Office Assistant I,Gui Bonifazio,1967-10-13,1982-07-06,676-677-7616,Bayside,Daultāla,,47811,89343 Vidon Court
63,89,Dynabox,Cost Accountant,Doyle Bilam,2000-10-17,1979-07-12,249-171-5263,Evergreen,Julita,,6506,72 Forest Run Center
64,68,Skyble,Recruiting Manager,Marinna Lynas,1970-06-21,1978-11-19,164-771-7253,Bluejay,Mirpur Khas,,28031,496 Eastlawn Court
65,38,Riffwire,Electrical Engineer,Donal Kubec,1973-12-17,1951-02-28,122-775-5552,Westport,Kuntong,,,5029 Dottie Junction
66,39,Voonix,General Manager,Karney McDonough,1982-07-01,1955-03-08,244-820-9119,Browning,Salcedo,,11005,9 Nova Center
67,80,Quire,Director of Sales,Alika Cashman,2004-06-24,2010-04-13,350-127-8691,Buhler,Berlin,Berlin,13599,74 Northridge Crossing
68,86,Skinix,Tax Accountant,Stafani McPhaden,2002-06-22,2003-10-18,100-269-1026,Elgar,Ocoyo,,,157 Acker Point
69,80,Voonix,Project Manager,Stoddard Warbys,2013-02-03,1964-10-15,100-522-6985,Kedzie,Pinagsibaan,,0801,7 Hoard Pass
70,23,Buzzdog,Software Consultant,Elliott Borleace,2016-07-02,1980-11-08,515-703-9763,Delladonna,Osoyoos,British Columbia,N9V,48 Kinsman Way
71,101,Realbridge,Analyst Programmer,Melamie Gaynesford,1971-10-23,2016-08-28,406-765-4675,Alpine,Gävle,Gävleborg,801 74,8051 Longview Circle
72,12,Flipopia,Web Designer II,Abagail Bale,1974-10-28,1996-05-30,258-852-4173,Grover,Piranshahr,,,0 Dayton Drive
73,64,Yakidoo,Dental Hygienist,Concettina Vignal,1991-05-15,1959-03-13,170-556-2723,Stuart,Zhaojia,,,16680 Moose Way
74,62,Trunyx,Programmer IV,Xylina Topp,1968-02-03,1995-08-13,658-510-9963,Eastwood,Āgaro,,,6278 Anzinger Court
75,44,Dabjam,Help Desk Operator,Martelle Falconer-Taylor,1971-08-01,1954-11-18,813-328-7406,Drewry,Shancheng,,,179 Lerdahl Center
76,42,Jabbercube,Office Assistant III,Hank Kindley,2008-06-28,1997-04-07,272-189-2929,Trailsway,Angers,Pays de la Loire,49905 CEDEX 9,7058 Sheridan Lane
77,43,Zoonoodle,Research Assistant I,Morgun Hazeley,2007-10-05,1986-06-14,193-370-2797,Hoard,Jianggu,,,0 Aberg Alley
78,78,Zoombeat,Research Assistant I,Ode Klimpt,1968-06-19,1978-10-13,392-249-3996,Merrick,Daliciasao,,6109,8 Reindahl Alley
79,89,Trupe,Developer IV,Dolores Lyddon,1980-10-25,1955-11-10,950-581-8491,Grasskamp,Shaxi,,,7 Main Center
80,40,Eabox,Payment Adjustment Coordinator,Pattie McPhelim,1968-08-25,1987-09-26,452-368-2437,Clemons,Kapshagay,,,21857 Gerald Road
81,60,Dabvine,Assistant Media Planner,Sinclare Abrashkin,1963-04-06,1974-11-06,218-619-2620,Hudson,Nan’ao,,,93 Darwin Center
82,33,Twitterwire,Chief Design Engineer,Herman Scarre,1988-09-11,1969-06-04,273-474-3002,Browning,Chulakivka,,,6878 Ronald Regan Hill
83,41,Skinte,Desktop Support Technician,Pall Shillitto,1983-07-25,1972-04-29,229-204-8293,Crest Line,Medveditskiy,,403772,8769 Eagle Crest Center
84,32,Babblestorm,Operator,Timothy Gullivent,1985-03-08,1985-06-04,279-447-2959,New Castle,Zdovbytsya,,,7654 Grayhawk Alley
85,14,Ailane,Quality Control Specialist,Luelle MacIlraith,1965-04-05,1993-01-21,622-896-5020,Sullivan,Turinsk,,623900,928 Forster Pass
86,13,Zoonoodle,Health Coach IV,Vinny Edelmann,1994-02-12,2016-11-15,561-440-3799,Gulseth,Katsuura,,811-3521,746 Lunder Alley
87,70,Flipbug,Staff Scientist,Mehetabel De Cleyne,1953-04-26,2007-06-29,221-541-9920,Grasskamp,Kobyzhcha,,,1 Ridgeway Point
88,34,Voonder,Office Assistant I,Estevan Lage,1974-03-09,2000-08-10,403-496-0513,Knutson,Cintra,,2559,10 Redwing Hill
89,37,Yamia,Dental Hygienist,Joscelin Gebb,1950-05-20,1977-04-08,478-511-6625,Kingsford,Dabao’anzhen,,,6416 Anhalt Crossing
90,58,Tagchat,VP Quality Control,Nelly Candey,1983-07-12,1971-04-11,561-867-5876,Waxwing,Cisasak,,,58 Forest Junction
91,17,Demivee,Data Coordiator,Paolo Dendle,1955-12-18,1961-06-10,499-755-9756,Longview,Kabar Utara,,,2 Orin Road
92,101,Bubbletube,Software Test Engineer II,Linoel Beers,1977-02-25,1987-08-23,517-821-0149,Elgar,Touguinha,Porto,4480-493,91 Eliot Terrace
93,11,Buzzster,Associate Professor,Cacilia Nuzzti,1974-10-03,1953-04-03,919-462-7290,South,Frederiksberg,Region Hovedstaden,1950,4 Manufacturers Plaza
94,20,Jamia,Project Manager,Corrianne Yuryaev,2006-10-05,1977-12-03,938-326-9706,Debs,Akbarābād,,,768 Morningstar Parkway
95,37,Camimbo,Health Coach III,Cherida Lathwood,1955-07-18,1971-10-29,646-373-4035,Artisan,Blantyre,,,075 South Court
96,90,Riffwire,Environmental Tech,Tybi Tour,1990-04-04,1980-06-19,816-926-8810,Autumn Leaf,Tunggar,,,6 Kennedy Junction
97,95,Ooba,Engineer IV,Marchelle Marian,1980-07-06,1986-04-15,282-630-3874,Sugar,Chidian,,,325 Di Loreto Trail
98,8,Ntags,Marketing Assistant,Keane St. Quentin,1983-02-13,2007-02-14,771-579-0302,Monument,Mayskiy,,385433,5499 Merchant Hill
99,52,Fliptune,General Manager,Hailee Cureton,2003-09-30,1956-06-09,698-924-1871,Chinook,Varakļāni,,,03661 Dottie Parkway
100,57,Blogspan,Accountant III,Callean Bohlsen,1965-03-28,2003-08-27,557-978-4811,Florence,Vyselki,,403029,286 Northview Street
101,89,Aibox,Tax Accountant,Justis Sybry,2017-01-25,2011-12-12,291-444-6104,Lawn,Bené Beraq,,,42070 Monica Street
102,32,Aimbu,Data Coordiator,Juline Oxburgh,1977-07-12,1996-02-29,147-278-4598,Laurel,Malanville,,,82 Doe Crossing Avenue
103,28,Gigashots,Occupational Therapist,Britt Sowden,2010-06-14,1967-08-28,220-565-8319,Menomonie,Tenggina Daya,,,1 Hooker Center
104,63,Flashpoint,Sales Associate,Aaren Halloran,2017-04-24,1974-11-10,508-371-3501,Crownhardt,Avignon,Provence-Alpes-Côte d'Azur,84913 CEDEX 9,40 Parkside Crossing
105,42,Bubbletube,Analyst Programmer,Waylan Cuddihy,2009-10-28,2017-01-03,925-875-7144,Green Ridge,Ełk,,19-305,3 Lyons Circle
106,18,Linkbridge,Librarian,Dodie Ledner,1953-02-09,1997-09-17,317-239-3838,Maywood,Sindangraja,,,06 Hagan Way
107,50,Quinu,VP Quality Control,Roberto Scintsbury,1995-09-17,2010-10-06,136-333-3933,Clyde Gallagher,Ngreco,,,90 Moland Alley
108,92,Avaveo,Research Assistant II,Gerry Jedrzejewicz,2014-11-10,1998-11-26,735-798-6829,Eastwood,Paulba,,4405,7 Prentice Trail
109,55,Quaxo,Senior Financial Analyst,Minnnie Disdel,1969-10-25,1966-05-02,148-792-3687,Porter,Margos,,1217,12 Pond Terrace
110,37,Mycat,VP Marketing,Tanya Mithun,1959-09-02,1977-05-14,851-267-8328,Crowley,Kifrī,,,92264 Bluejay Terrace
111,81,Edgepulse,Recruiter,Maegan Duerdin,1995-06-03,1985-09-21,511-112-1587,Judy,Gyōda,,369-0137,6 Lunder Avenue
112,56,Centimia,Teacher,Constantino Davidi,1959-10-20,1954-09-21,252-962-9626,Roth,Bích Động,,,9 Autumn Leaf Point
113,9,Trudoo,Community Outreach Specialist,Patience Hrihorovich,1960-05-26,1953-08-24,716-670-0870,Elgar,Maimará,,4624,31 Ronald Regan Street
114,81,Eimbee,Software Test Engineer IV,Antonino Pozzo,1952-03-30,1956-02-17,391-961-4610,Mallory,Huitang,,,2571 Haas Road
115,29,Meembee,Account Coordinator,Tedd Cairns,2005-07-09,1985-06-09,974-622-2164,Fordem,Fartura,,18870-000,4859 Mayer Road
116,75,Kwideo,Software Test Engineer IV,Cordelia de Quesne,1990-11-18,2015-05-21,279-467-0897,Forest Dale,Pedroso,Porto,4415-092,5586 Hoffman Trail
117,83,Feednation,Environmental Specialist,Annelise Gain,1963-09-16,1999-07-20,765-282-4902,Heath,Antas,Viseu,3630-014,48750 Prairieview Trail
118,31,Skibox,Accounting Assistant IV,Alecia Grumbridge,1974-07-27,2008-02-11,917-594-5028,Warrior,Tamanar,,,6 Hauk Way
119,47,Topicshots,Assistant Manager,Tiphany Clawe,2015-03-21,1996-03-16,359-376-9008,Birchwood,Chornoliztsi,,,740 Bluejay Trail
120,55,Brainbox,Business Systems Development Analyst,Jessie Koubek,1978-08-02,1993-04-03,300-193-3597,Red Cloud,Villa Las Rosas,,5875,508 Dapin Place
121,75,Agivu,Help Desk Technician,Lindy Loisi,1998-12-18,2002-10-10,937-612-5492,Hoffman,Dayton,Ohio,45426,6 Sutherland Hill
122,19,Avamba,Technical Writer,Ernestine Faircloth,2003-08-09,2013-07-14,306-535-4172,Northfield,Alibago,,3300,51462 Garrison Way
123,95,Dabjam,Structural Analysis Engineer,Vina Fidal,2007-02-25,1986-07-19,684-558-8851,American Ash,Tadjoura,,,9189 Westport Way
124,3,Yabox,Senior Cost Accountant,Hazlett Ironmonger,1975-09-07,1995-03-28,604-157-4647,Mendota,Lugo,,6008,38 Meadow Vale Plaza
125,48,Skynoodle,Human Resources Assistant II,Robbie Craigg,1960-09-06,1986-02-11,897-813-8777,Rowland,Omsk,,644000,26 South Crossing
126,89,Jaloo,Dental Hygienist,Dinah McCreery,1966-03-26,2014-01-26,144-333-5192,Troy,Mbaïki,,,84 Claremont Trail
127,39,Linkbridge,Marketing Assistant,Ray Skipworth,1976-05-19,1973-07-19,411-840-3604,Ruskin,Xiaheqing,,,7847 Hayes Street
128,75,Skynoodle,Analog Circuit Design manager,Madison Sawday,2007-04-26,1951-01-23,604-315-8644,Ronald Regan,Khlong Luang,,12120,16 Hanson Drive
129,62,Yata,Systems Administrator I,Rita McCerery,1978-04-25,1951-01-25,871-709-9143,Mcbride,Tebara,,,365 Mandrake Crossing
130,18,Brainlounge,Associate Professor,Montague Garfath,1966-04-20,1993-02-04,968-460-5922,Caliangt,Batulawang,,,7671 Dixon Crossing
131,21,Wikizz,Environmental Specialist,Stephi Addey,1976-07-25,1991-06-10,434-212-4567,Pleasure,Laowobao,,,22672 Di Loreto Place
132,18,Fadeo,GIS Technical Architect,Mohandas Yakushkin,1957-06-26,1955-05-01,547-284-7762,Mitchell,Ladan,,,348 Dovetail Hill
133,91,Janyx,Product Engineer,Tori Whether,1998-09-07,2016-06-17,237-302-0542,Hermina,Midland,Ontario,L4R,7190 Schurz Parkway
134,8,Voonyx,Human Resources Assistant IV,Keelby Denzilow,1995-05-19,1987-09-14,517-394-1237,David,Lansing,Michigan,48930,29329 Maywood Place
135,24,Yodel,Assistant Media Planner,Aksel Orable,1998-08-07,1989-07-08,572-996-3697,Del Mar,Dacheng,,,09369 Sauthoff Plaza
136,1,Wordtune,Automation Specialist IV,Winna Ilem,1950-06-25,1975-04-07,965-937-5179,Chive,Sedati,,,78639 Goodland Junction
137,79,Brainbox,Analyst Programmer,Winslow Rankin,1950-07-19,2002-04-30,463-989-4598,Veith,Jiguan,,,3 Jenna Street
138,50,Skaboo,Web Designer III,Hiram Probet,1994-08-09,1969-12-23,941-137-7845,Vera,Haolaishan,,,66963 Dovetail Place
139,67,Buzzshare,Graphic Designer,Hernando Millea,2004-12-03,1997-10-11,525-898-5867,Birchwood,Laḩij,,,1745 La Follette Street
140,27,Kamba,Help Desk Technician,Gare Lakeland,1973-12-20,2012-12-14,219-583-1020,Harbort,Javarthushuu,,,77 Cardinal Parkway
141,4,Kazu,Quality Engineer,Prince Dudlestone,1989-02-25,1989-12-28,123-618-4492,Amoth,Dongxiao,,,0 Toban Point
142,62,Mycat,Account Representative I,Sumner Rabidge,2005-07-31,2012-02-08,760-467-6131,Summit,Tando Muhammad Khān,,70220,4 Hanover Hill
143,26,Kare,Software Engineer II,Dallas Colloby,2006-01-29,1961-01-02,290-391-8566,Graceland,Nevinnomyssk,,357128,12870 Claremont Park
144,21,Skinix,Administrative Assistant II,Randi Lamzed,1999-09-28,2016-03-31,777-923-3216,Prentice,Kilkís,,,576 Forster Circle
145,54,Oodoo,GIS Technical Architect,Park Gladeche,1962-09-09,2006-06-17,477-183-3732,Johnson,Maripipi,,6546,44900 Loeprich Lane
146,76,Centimia,General Manager,Jere Jocic,2014-05-06,1952-02-11,333-687-8861,Schlimgen,Conceição do Coité,,48730-000,56286 Bayside Street
147,93,Avavee,Teacher,Verne Pigott,1986-05-02,1965-06-26,273-845-2234,Mosinee,Tajan,,,29746 Service Center
148,38,Riffwire,Assistant Professor,Tomkin Lockner,1995-04-30,1983-09-22,203-252-1761,Artisan,Solec Nad Wisłą,,80-201,6335 Farwell Road
149,42,Skaboo,Programmer I,Arch Wastall,2003-05-27,1967-10-05,680-830-0176,Harper,Zbytków,,90-360,8 Dexter Circle
150,55,Eare,Physical Therapy Assistant,Morganne Grewes,1984-02-26,1954-07-24,475-175-3380,Mayfield,Velyka Mykhaylivka,,,841 Bluejay Place
151,95,Wordtune,Community Outreach Specialist,Newton Bowles,2006-12-20,1995-09-08,562-435-6943,Fallview,Kudang,,,726 Mesta Avenue
152,95,Meevee,Geologist I,Duffie Auchterlonie,1985-03-03,1967-01-14,253-965-0190,Schurz,Kabir,,,5354 Dennis Parkway
153,19,Tagcat,Technical Writer,Bambie Collyer,2012-04-20,2011-05-05,751-199-1411,Grayhawk,Henan’an,,,07 Ridgeway Hill
154,18,Abata,VP Quality Control,Ugo Swate,1997-03-16,2017-02-03,294-454-7868,Schmedeman,Indang,,4122,61 Clyde Gallagher Place
155,12,Ainyx,Senior Cost Accountant,Ethelyn Flew,1994-02-10,2002-11-11,191-232-7636,Thierer,Luoyang,,,29 Harbort Hill
156,60,Fivebridge,Financial Advisor,Mar Tourne,1999-03-21,2005-11-28,811-870-8419,Schmedeman,Bandhagen,Stockholm,124 22,40224 Anthes Alley
157,57,Realcube,Budget/Accounting Analyst II,Cosette Vlasenko,1973-11-23,2007-02-25,661-641-4874,Wayridge,Jixin,,,13 2nd Park
158,55,Demimbu,Web Designer II,Keir Laddle,1997-01-24,1954-03-02,586-929-9190,Judy,Santo Tomás,,,56343 Grayhawk Avenue
159,77,Yodo,Assistant Media Planner,Sisile Scriven,1997-05-11,1961-10-25,475-394-6532,Kennedy,Las Minas,,,06185 Shasta Parkway
160,50,Riffpedia,Financial Advisor,Teresita Mitkcov,1970-04-29,1996-08-21,304-800-5086,3rd,Port Barton,,6819,25 Oak Avenue
161,6,Oba,Nurse,Blisse Lindenman,1995-07-02,1980-10-28,361-898-8037,Golf,Neftçala,,,257 Raven Court
162,93,Photospace,Research Nurse,Sheilah Marples,1966-05-22,1985-07-04,917-816-6446,Nevada,Quế Sơn,,,805 Oak Crossing
163,81,Centizu,Paralegal,Jonie Domenico,1992-02-21,2008-12-29,611-401-7356,Sachs,Karangboyo,,,41451 Summerview Avenue
164,76,Vipe,Recruiting Manager,Paolina Wetherhead,2017-02-22,1975-03-17,468-107-0518,Maple,Payaman,,,2 Forest Dale Parkway
165,16,Eayo,Community Outreach Specialist,Em Feige,1955-06-11,1999-06-20,848-318-3970,Thompson,Panalanoy,,6516,4 Springs Way
166,54,Browseblab,Nurse,Tremain Vivians,1982-07-15,1960-04-06,288-387-2206,Swallow,Golomunta,,,75790 Kropf Place
167,65,Cogibox,Librarian,Lacie Kenright,2000-12-30,1987-04-15,209-647-1247,Green Ridge,Kufa,,,818 Surrey Hill
168,12,Layo,Physical Therapy Assistant,Alfi Medgwick,1968-01-01,1984-06-23,943-392-7015,Warrior,Daitōchō,,579-8066,4447 Manley Park
169,3,Centimia,Senior Developer,Kipp Halewood,1984-09-29,2005-04-09,661-292-6532,John Wall,Aix-en-Provence,Provence-Alpes-Côte d'Azur,13853 CEDEX 3,88699 Moland Park
170,34,Avamm,Social Worker,Janey Semple,2008-05-28,1977-06-21,542-741-0742,Dorton,Sambonggede,,,42069 Coleman Trail
171,58,Yabox,Senior Developer,Andris Slarke,1979-12-23,1980-02-06,491-235-4668,Lunder,Shuanglu,,,6108 Elmside Junction
172,16,Oyope,Web Designer II,Gorden Faraday,1994-11-25,1985-04-26,851-399-1270,Onsgard,Dolní Sloupnice,,565 53,87 Bartelt Terrace
173,12,Quaxo,Database Administrator III,Enriqueta Gush,2008-05-02,2004-04-28,196-773-7601,Nobel,Annecy,Rhône-Alpes,74009 CEDEX,8 Tennessee Park
174,63,Plajo,Clinical Specialist,Greer Cridlan,2004-02-04,1955-03-19,575-625-1682,Johnson,Jianfeng,,,04 La Follette Avenue
175,61,Feedspan,Payment Adjustment Coordinator,Frederic Binestead,2011-02-20,2003-05-30,305-782-2408,Bowman,Sobhādero,,66191,91300 Veith Terrace
176,101,Teklist,Health Coach II,Rourke Tattam,2017-01-22,1966-04-02,681-385-9882,Basil,Xinjia,,,53609 Westridge Way
177,24,Oloo,Administrative Officer,Gerri Scholig,2010-04-15,1976-11-04,360-191-8569,Shelley,Hanlin,,,1178 Hintze Street
178,84,Twinte,Research Assistant III,Cele Romagnosi,2006-09-24,1993-01-21,858-814-3449,Fisk,Amphawa,,75110,98351 Burning Wood Lane
179,53,Viva,Database Administrator I,Rosaleen Gurdon,2010-01-02,2005-07-06,868-740-0771,Chive,Gaoqiao,,,279 Bellgrove Parkway
180,48,Janyx,Legal Assistant,Marius Emilien,2011-02-17,2002-03-08,171-683-0991,Westport,Liverpool,England,L33,34 Messerschmidt Road
181,43,Zooxo,Registered Nurse,Fedora Ovington,2003-01-28,2008-04-10,972-917-2037,Southridge,Hołoby,,,408 Waubesa Hill
182,87,Devify,Design Engineer,Konrad Blueman,1986-04-11,1983-10-08,739-511-2211,6th,Göteborg,Västra Götaland,403 20,3641 Shopko Road
183,3,Einti,Project Manager,Erick Tittletross,1965-02-09,2013-03-01,285-630-6195,Westerfield,Banjar Kertasari,,,6 Riverside Drive
184,11,Twimbo,Assistant Manager,Shanan Ginley,1968-01-29,2013-09-24,203-573-0771,Brentwood,Chengmagang,,,44438 South Hill
185,70,Thoughtblab,Payment Adjustment Coordinator,Townsend Sinnett,1981-08-15,1979-07-03,156-630-8202,Eliot,Xunqiao,,,12 Ryan Center
186,56,Linklinks,Payment Adjustment Coordinator,Ida Sanford,1989-10-17,1967-09-30,247-208-6593,Porter,Huineno,,,4 Mallory Drive
187,53,Jaxworks,Account Representative II,Vinni Mellanby,1976-06-18,1998-09-23,211-169-1748,Grayhawk,Hasaki,,314-0407,12 Lakewood Gardens Lane
188,33,Jabbersphere,Information Systems Manager,Cathy Mc Dermid,2012-09-25,1979-12-18,102-208-7250,2nd,Miaoyu,,,44153 Waxwing Circle
189,2,Fivechat,Professor,Clayton Le Bosse,1975-09-06,1974-06-29,418-606-0067,Fulton,Dongxiang,,,3846 Montana Way
190,81,Shuffledrive,Financial Analyst,Ammamaria Segrott,1964-05-14,1965-04-12,904-279-3992,Monterey,Le Kremlin-Bicêtre,Île-de-France,94279 CEDEX,17288 Old Shore Street
191,8,Izio,Sales Representative,Selie Kidde,2004-07-21,1971-10-26,858-878-2264,Arrowood,Colombo,,00100,30103 Jana Way
192,82,Jatri,Quality Control Specialist,Loy Galbreth,1977-03-29,1967-12-03,234-339-0792,Waxwing,Shakhty,,346530,7 Summit Circle
193,69,Abata,VP Product Management,Solly Drepp,1994-06-01,2001-05-04,160-888-6257,Rockefeller,Buri,,18290-000,7920 Glendale Pass
194,25,Meejo,Research Associate,Betti Sirey,2005-09-29,2005-11-21,890-229-0235,Boyd,Marks,,413093,4710 Mcbride Parkway
195,6,Skiba,Internal Auditor,Rutherford Jorgensen,1966-10-12,1983-06-27,386-638-0682,Nelson,Puncaksempur,,,70829 Ridgeview Drive
196,87,Topicware,Senior Financial Analyst,Niki Standbrooke,1981-03-08,1955-09-10,181-673-9973,Lien,Charenton-le-Pont,Île-de-France,94224 CEDEX,3 Almo Crossing
197,33,Skimia,Human Resources Assistant I,Xaviera Pocklington,1968-12-05,1985-11-03,578-247-3184,Schurz,Tanahmerah,,,53663 Towne Lane
198,23,Twimm,Developer III,Shay Bummfrey,1984-01-20,1987-07-22,220-746-1862,Tomscot,Terek,,361203,05579 Spaight Circle
199,99,Dynava,Legal Assistant,Marget Ballston,1982-11-11,2003-01-25,331-553-0634,Service,Swift Current,Saskatchewan,S9H,48 Manufacturers Crossing
200,6,Dazzlesphere,Product Engineer,Peirce Davydoch,1992-08-04,2013-09-17,824-671-3907,Oak,Andongwei,,,31 Union Way
